Timestamp_csv,Method,Status_Code,Count,Host_Name
"2023-08-14 20:49:31",GET,301,36,Raisenil
"2023-08-14 20:49:31",GET,200,9396,Raisenil
"2023-08-14 20:49:31",GET,403,92,Raisenil
"2023-08-14 20:49:31",GET,302,11,Raisenil
"2023-08-14 20:49:31",GET,405,1,Raisenil
"2023-08-14 20:49:31",GET,499,4,Raisenil
"2023-08-14 20:49:31",GET,404,1,Raisenil
"2023-08-14 20:49:31",POST,200,346731,Raisenil
"2023-08-14 20:49:31",POST,400,824,Raisenil
"2023-08-14 20:49:31",POST,403,2,Raisenil
"2023-08-14 20:49:31",POST,301,1,Raisenil
"2023-08-14 20:49:31",POST,404,6,Raisenil
"2023-08-14 20:49:31",POST,502,1,Raisenil
"2023-08-14 20:49:31",POST,307,3,Raisenil
"2023-08-14 20:49:31",POST,499,1,Raisenil
"2023-08-14 20:49:31",HEAD,302,14,Raisenil
"2023-08-14 20:49:31",HEAD,200,23,Raisenil
"2023-08-14 20:49:31",HEAD,301,5,Raisenil
"2023-08-14 20:49:31",OPTIONS,301,1,Raisenil
"2023-08-14 20:49:31",OPTIONS,400,2,Raisenil
